{"coco/bbox_mAP": 0.16, "coco/bbox_mAP_50": 0.303, "coco/bbox_mAP_75": 0.152, "coco/bbox_mAP_s": 0.036, "coco/bbox_mAP_m": 0.159, "coco/bbox_mAP_l": 0.258, "data_time": 0.007401463317871094, "time": 0.0586221492767334}