{"data_time": 0.0024393911838531492, "time": 0.04867621240615845}