{"data_time": 0.0025943497503562343, "time": 0.048210419344748935}