{"coco/bbox_mAP": 0.219, "coco/bbox_mAP_50": 0.416, "coco/bbox_mAP_75": 0.206, "coco/bbox_mAP_s": 0.112, "coco/bbox_mAP_m": 0.242, "coco/bbox_mAP_l": 0.285, "data_time": 0.001624560308456421, "time": 0.02561276869773865}