{"coco/bbox_mAP": 0.366, "coco/bbox_mAP_50": 0.599, "coco/bbox_mAP_75": 0.388, "coco/bbox_mAP_s": 0.046, "coco/bbox_mAP_m": 0.16, "coco/bbox_mAP_l": 0.471, "data_time": 0.007817777367525322, "time": 0.05891890414925509}