{"coco/bbox_mAP": 0.245, "coco/bbox_mAP_50": 0.444, "coco/bbox_mAP_75": 0.242, "coco/bbox_mAP_s": 0.129, "coco/bbox_mAP_m": 0.275, "coco/bbox_mAP_l": 0.318, "data_time": 0.0016984860897064208, "time": 0.038834044981002805}