{"coco/bbox_mAP": 0.355, "coco/bbox_mAP_50": 0.598, "coco/bbox_mAP_75": 0.365, "coco/bbox_mAP_s": 0.042, "coco/bbox_mAP_m": 0.156, "coco/bbox_mAP_l": 0.461, "data_time": 0.00816432930702387, "time": 0.06058702579764433}