{"data_time": 0.0016561208625147242, "time": 0.027967258268321478}