{"coco/bbox_mAP": 0.386, "coco/bbox_mAP_50": 0.649, "coco/bbox_mAP_75": 0.408, "coco/bbox_mAP_s": 0.103, "coco/bbox_mAP_m": 0.264, "coco/bbox_mAP_l": 0.462, "data_time": 0.0013127865599249792, "time": 0.030808611355952472}