{"data_time": 0.001933066035625763, "time": 0.03224779842116073}