{"coco/bbox_mAP": 0.136, "coco/bbox_mAP_50": 0.279, "coco/bbox_mAP_75": 0.118, "coco/bbox_mAP_s": 0.025, "coco/bbox_mAP_m": 0.133, "coco/bbox_mAP_l": 0.23, "data_time": 0.0073760395050048826, "time": 0.05855057487487793}