{"coco/bbox_mAP": 0.363, "coco/bbox_mAP_50": 0.592, "coco/bbox_mAP_75": 0.398, "coco/bbox_mAP_s": 0.057, "coco/bbox_mAP_m": 0.162, "coco/bbox_mAP_l": 0.472, "data_time": 0.0014303271977858312, "time": 0.011250086576703412}