{"coco/bbox_mAP": 0.382, "coco/bbox_mAP_50": 0.647, "coco/bbox_mAP_75": 0.407, "coco/bbox_mAP_s": 0.151, "coco/bbox_mAP_m": 0.26, "coco/bbox_mAP_l": 0.457, "data_time": 0.00153468049066636, "time": 0.025119055243033938}