{"coco/bbox_mAP": 0.153, "coco/bbox_mAP_50": 0.307, "coco/bbox_mAP_75": 0.138, "coco/bbox_mAP_s": 0.042, "coco/bbox_mAP_m": 0.144, "coco/bbox_mAP_l": 0.247, "data_time": 0.0014847496032714845, "time": 0.01030228018760681}