{"data_time": 0.0018930394817915704, "time": 0.048246070090192}