{"coco/bbox_mAP": 0.222, "coco/bbox_mAP_50": 0.415, "coco/bbox_mAP_75": 0.214, "coco/bbox_mAP_s": 0.11, "coco/bbox_mAP_m": 0.244, "coco/bbox_mAP_l": 0.289, "data_time": 0.0016398971557617188, "time": 0.03163754982948303}