{"data_time": 0.001318695945461301, "time": 0.026133783229076078}